氢（1H）, 1H, 2H, 3H, 4H, 5H, 6H, 7H
氦（2He）, 2He, 3He, 4He, 5He, 6He, 7He, 8He, 9He, 10He
锂（3Li), 3Li, 4Li, 5Li, 6Li, 7Li, 8Li, 9Li, 10Li, 10m1Li, 10m2Li, 11Li, 12Li, 13Li
铍（4Be）, 6Be, 7Be, 9Be, 10Be, 11Be, 12Be, 13Be, 14Be, 15Be, 16Be, 17Be
硼（5B）, 7B, 8B, 9B, 10B, 11B, 12B, 13B, 14B, 15B, 16B, 17B, 18B, 19B
碳（6C）, 8C, 9C, 10C, 11C, 12C, 13C, 14C, 15C, 16C, 17C, 18C, 19C, 20C, 21C, 22C
氮（7N）, 10N, 11N, 11mN, 12N, 13N, 14N, 15N, 16N, 17N, 18N, 19N, 20N, 21N, 22N, 23N, 24N, 25N
氧（8O）, 12O, 13O, 14O, 15O, 16O, 17O, 18O, 19O, 20O, 21O, 22O, 23O, 24O, 25O, 26O, 27O, 28O
氟（9F）, 14F, 15F, 16F, 17F, 18F, 18mF, 19F, 20F, 21F, 22F, 23F, 24F, 25F, 26F, 27F, 28F, 29F, 30F, 31F
氖（10Ne）, 15Ne, 16Ne, 17Ne, 18Ne, 19Ne, 20Ne, 21Ne, 22Ne, 23Ne, 24Ne, 25Ne, 26Ne, 27Ne, 28Ne, 29Ne, 30Ne, 31Ne, 32Ne, 33Ne, 34Ne
钠（11Na）, 18Na, 19Na, 20Na, 21Na, 22Na, 22mNa, 23Na, 24Na, 24mNa, 25Na, 26Na, 27Na, 28Na, 29Na, 30Na, 31Na, 32Na, 33Na, 34Na, 35Na, 36Na, 37Na
镁（12Mg）, 19Mg, 20Mg, 21Mg, 22Mg, 23Mg, 24Mg, 25Mg, 26Mg, 27Mg, 28Mg, 29Mg, 30Mg, 31Mg, 32Mg, 33Mg, 34Mg, 35Mg, 36Mg, 37Mg, 38Mg, 39Mg, 40Mg
铝（13Al）, 19Al, 20Al, 21Al, 22Al, 23Al, 23mAl, 24Al, 24mAl, 25Al, 25mAl, 26Al, 26mAl, 27Al, 28Al, 29Al, 30Al, 31Al, 32Al, 32mAl, 33Al, 34Al, 35Al, 36Al, 37Al, 38Al, 39Al, 40Al, 41Al, 42Al
硅（14Si）, 22Si, 23Si, 24Si, 25Si, 26Si, 27Si, 28Si, 29Si, 30Si, 31Si, 32Si, 33Si, 34Si, 35Si, 36Si, 37Si, 38Si, 39Si, 40Si, 41Si, 42Si, 43Si, 44Si
磷（15P）, 24P, 25P, 26P, 27P, 28P, 29P, 30P, 31P, 32P, 33P, 34P, 35P, 36P, 37P, 38P, 39P, 40P, 41P, 42P, 43P, 44P, 45P, 46P
硫（16S）, 26S, 27S, 28S, 29S, 30S, 31S, 32S, 33S, 34S, 35S, 36S, 37S, 38S, 39S, 40S, 41S, 42S, 43S, 43mS, 44S, 45S, 46S, 47S, 48S, 49S
氯（17Cl）, 28Cl, 29Cl, 30Cl, 31Cl, 32Cl, 33Cl, 34Cl, 34mCl, 35Cl, 36Cl, 37Cl, 38Cl, 38mCl, 39Cl, 40Cl, 41Cl, 42Cl, 43Cl, 44Cl, 45Cl, 46Cl, 47Cl, 48Cl, 49Cl, 50Cl, 51Cl
氩（18Ar）, 30Ar, 31Ar, 32Ar, 32mAr, 33Ar, 34Ar, 35Ar, 36Ar, 37Ar, 38Ar, 39Ar, 40Ar, 41Ar, 42Ar, 43Ar, 44Ar, 45Ar, 46Ar, 47Ar, 48Ar, 49Ar, 50Ar, 51Ar, 52Ar, 53Ar
钾（19K）, 32K, 32mK, 33K, 34K, 35K, 36K, 37K, 38K, 38m1K, 38m2K, 39K, 40K, 40mK, 41K, 42K, 43K, 44K, 45K, 46K, 47K, 48K, 49K, 50K, 51K, 52K, 53K, 54K, 55K
钙（20Ca）, 34Ca, 35Ca, 36Ca, 37Ca, 38Ca, 40Ca, 41Ca, 42Ca, 43Ca, 44Ca, 45Ca, 46Ca, 47Ca, 48Ca, 49Ca, 50Ca, 51Ca, 52Ca, 53Ca, 54Ca, 55Ca, 56Ca, 57Ca, 58Ca
钪（21Sc）, 35Sc, 36Sc, 37Sc, 38Sc, 38mSc, 39Sc, 40Sc, 41Sc, 42Sc, 42mSc, 43Sc, 43m1Sc, 43m2Sc, 44Sc, 44m1Sc, 44m2Sc, 44m3Sc, 45Sc, 45mSc, 46Sc, 46m1Sc, 46m2Sc, 47Sc, 47mSc, 48Sc, 49Sc, 50Sc, 50mSc, 51Sc, 52Sc, 53Sc, 54Sc, 54mSc, 55Sc, 56Sc, 57Sc, 58Sc, 59Sc, 60Sc, 61Sc
钛（22Ti）, 38Ti, 39Ti, 40Ti, 41Ti, 42Ti, 43Ti, 43m1Ti, 43m2Ti, 44Ti, 45Ti, 46Ti, 47Ti, 48Ti, 49Ti, 50Ti, 51Ti, 52Ti, 53Ti, 54Ti, 55Ti, 56Ti, 57Ti, 58Ti, 59Ti, 60Ti, 61Ti, 62Ti, 63Ti
钒（23V）, 40V, 41V, 42V, 43V, 44V, 44mV, 45V, 46V, 46mV, 47V, 48V, 49V, 50V, 51V, 52V, 53V, 54V, 54mV, 55V, 56V, 57V, 58V, 59V, 60V, 60m1V, 60m2V, 61V, 62V, 63V, 64V, 65V
铬（24Cr）, 42Cr, 43Cr, 44Cr, 45Cr, 45mCr, 46Cr, 47Cr, 48Cr, 49Cr, 50Cr, 51Cr, 52Cr, 53Cr, 54Cr, 55Cr, 56Cr, 57Cr, 58Cr, 59Cr, 59mCr, 60Cr, 61Cr, 62Cr, 63Cr, 64Cr, 65Cr, 66Cr, 67Cr
锰（25Mn）, 44Mn, 45Mn, 46Mn, 46mMn, 47Mn, 48Mn, 49Mn, 50Mn, 50mMn, 51Mn, 52Mn, 52mMn, 53Mn, 54Mn, 55Mn, 56Mn, 57Mn, 58Mn, 58mMn, 59Mn, 60Mn, 60mMn, 61Mn, 62Mn, 62mMn, 63Mn, 64Mn, 64mMn, 65Mn, 66Mn, 67Mn, 68Mn, 69Mn
铁（26Fe）, 45Fe, 46Fe, 47Fe, 48Fe, 49Fe, 50Fe, 51Fe, 52Fe, 52mFe, 53Fe, 53mFe, 54Fe, 559Fe, 56Fe, 57Fe, 58Fe, 59Fe, 60Fe, 61Fe, 61mFe, 62Fe, 63Fe, 64Fe, 65Fe, 65mFe, 66Fe, 67Fe, 67mFe, 68Fe, 69Fe, 70Fe, 71Fe, 72Fe
钴（27Co）, 47Co, 48Co, 49Co, 50Co, 51Co, 52Co, 52mCo, 53Co, 53mCo, 54Co, 54mCo, 55Co, 56Co, 57Co, 58Co, 58m1Co, 58m2Co, 59Co, 60Co, 60mCo, 61Co, 62Co, 62mCo, 63Co, 63mCo, 64Co, 65Co, 66Co, 66m1Co, 66m2Co, 67Co, 68Co, 68mCo, 69Co, 70Co, 70mCo, 71Co, 72Co, 73Co, 74Co, 75Co
镍（28Ni）, 48Ni, 49Ni, 50Ni, 51Ni, 52Ni, 53Ni, 54Ni, 55Ni, 56Ni, 57Ni, 58Ni, 59Ni, 60Ni, 61Ni, 62Ni, 63Ni, 64Ni, 65Ni, 65mNi, 66Ni, 67Ni, 67mNi, 68Ni, 68m1Ni, 68m2Ni, 69Ni, 69m1Ni, 69m2Ni, 70Ni, 70mNi, 71Ni, 72Ni, 73Ni, 74Ni, 75Ni, 76Ni, 77Ni, 78Ni
铜（29Cu）, 52Cu, 53Cu, 54Cu, 55Cu, 56Cu, 57Cu, 58Cu, 59Cu, 60Cu, 61Cu, 62Cu, 63Cu, 64Cu, 65Cu, 66Cu, 67Cu, 68Cu, 68mCu, 69Cu, 69mCu, 70Cu, 70m1Cu, 70m2Cu, 71Cu, 71mCu, 72Cu, 72mCu, 73Cu, 73mCu, 74Cu, 75Cu, 76Cu, 76mCu, 77Cu, 78Cu, 79Cu, 80Cu
锌（30Zn）, 54Zn, 55Zn, 56Zn, 57Zn, 58Zn, 59Zn, 60Zn, 61Zn, 61m1Zn, 61m2Zn, 61m3Zn, 62Zn, 63Zn, 64Zn, 65Zn, 65mZn, 66Zn, 67Zn, 68Zn, 69Zn, 69mZn, 69mZn, 70Zn, 71Zn, 71mZn, 72Zn, 73Zn, 73m1Zn, 73m2Zn, 74Zn, 75Zn, 76Zn, 77Zn, 77mZn, 78Zn, 78mZn, 79Zn, 80Zn, 81Zn, 82Zn, 83Zn
镓（31Ga）, 56Ga, 57Ga, 58Ga, 59Ga, 60Ga, 61Ga, 62Ga, 63Ga, 64Ga, 65Ga, 66Ga, 67Ga, 68Ga, 69Ga, 70Ga, 71Ga, 72Ga, 72mGa, 73Ga, 74Ga, 74mGa, 75Ga, 76Ga, 77Ga, 78Ga, 79Ga, 80Ga, 81Ga, 82Ga, 83Ga, 83Ga, 85Ga, 86Ga
锗（32Ge）, 58Ge, 59Ge, 60Ge, 61Ge, 62Ge, 63Ge, 64Ge, 65Ge, 66Ge, 67Ge, 67m1Ge, 67m2Ge, 68Ge, 69Ge, 69m1Ge, 69m2Ge, 70Ge, 71Ge, 71mGe, 72Ge, 72mGe, 73Ge, 73m1Ge, 73m2Ge, 74Ge, 75Ge, 75m1Ge, 75m2Ge, 76Ge, 77Ge, 77mGe, 78Ge, 79Ge, 79mGe, 80Ge, 81Ge, 81mGe, 82Ge, 83Ge, 84Ge, 85Ge, 86Ge, 87Ge, 88Ge, 89Ge
砷（33As）, 60As, 61As, 62As, 63As, 64As, 65As, 66As, 66m1As, 66m2As, 67As, 68As, 68mAs, 69As, 70As, 70mAs, 71As, 72As, 73As, 74As, 75As, 75mAs, 76As, 76mAs, 77As, 77mAs, 78As, 79As, 79mAs, 80As, 81As, 82As, 82mAs, 83As, 84As, 84mAs, 85As, 86As, 87As, 88As, 89As, 90As, 91As, 92As
硒（34Se）, 65Se, 66Se, 67Se, 68Se, 69Se, 69m1Se, 69m2Se, 70Se, 71Se, 71m1Se, 71m2Se, 72Se, 73Se, 73mSe, 74Se, 75Se, 76Se, 77Se, 77mSe, 78Se, 79Se, 79mSe, 80Se, 81Se, 81mSe, 82Se, 83Se, 83mSe, 84Se, 85Se, 86Se, 87Se, 88Se, 89Se, 90Se, 91Se, 92Se, 93Se, 94Se
溴（35Br）, 65Br, 66Br, 67Br, 68Br, 69Br, 70Br, 70mBr, 71Br, 72Br, 72mBr, 73Br, 74Br, 74mBr, 75Br, 76Br, 76mBr, 77Br, 77mBr, 78Br, 78mBr, 79Br, 79mBr, 80Br, 80mBr, 81Br, 81mBr, 82Br, 82mBr, 83Br, 83mBr, 84Br, 84m1Br, 84m2Br, 85Br, 86Br, 87Br, 88Br, 88mBr, 89Br, 90Br, 91Br, 92Br, 93Br, 94Br, 95Br, 96Br, 97Br, 98Br
氪（36Kr）, 69Kr, 70Kr, 71Kr, 72Kr, 73Kr, 73mKr, 74Kr, 75Kr, 76Kr, 77Kr, 78Kr, 79Kr, 79mKr, 80Kr, 81Kr, 81mKr, 82Kr, 83Kr, 83m1Kr, 83m2Kr, 84Kr, 84mKr, 85Kr, 85m1Kr, 85m2Kr, 86Kr, 87Kr, 88Kr, 89Kr, 90Kr, 91Kr, 92Kr, 93Kr, 94Kr, 95Kr, 96Kr, 97Kr, 98Kr, 99Kr, 100Kr, 101Kr
铷（37Rb）, 71Rb, 72Rb, 72mRb, 73Rb, 74Rb, 75Rb, 76Rb, 76mRb, 77Rb, 78Rb, 78mRb, 79Rb, 80Rb, 80mRb, 81Rb, 81mRb, 82Rb, 82mRb, 83Rb, 83mRb, 84Rb, 84Rb, 85Rb, 86Rb, 86mRb, 87Rb, 88Rb, 89Rb, 90Rb, 90mRb, 91Rb, 92Rb, 93Rb, 93mRb, 94Rb, 95Rb, 96Rb, 96mRb, 97Rb, 98Rb, 98mRb, 99Rb, 100Rb, 101Rb, 102Rb
锶（38Sr）, 73Sr, 74Sr, 75Sr, 76Sr, 77Sr, 78Sr, 79Sr, 80Sr, 81Sr, 82Sr, 83Sr, 83mSr, 84Sr, 85Sr, 85mSr, 86Sr, 86mSr, 87Sr, 87Sr, 87mSr, 88Sr, 89Sr, 90Sr, 91Sr, 92Sr, 93Sr, 94Sr, 95Sr, 96Sr, 97Sr , 97m1Sr, 97m2Sr, 98Sr, 99Sr, 100Sr, 101Sr, 102Sr, 103Sr, 104Sr, 105Sr
钇（39Y）, 76Y, 77Y, 78Y, 78mY, 79Y, 80Y, 80m1Y, 80m2Y, 81Y, 82Y, 82m1Y, 82m2Y, 83Y, 83mY, 84Y, 84mY, 85Y, 85m1Y, 85m2Y, 86Y, 86m1Y, 86m2Y, 87Y, 87mY, 88Y, 88m1Y, 88m2Y, 89Y, 90Y, 90mY, 91Y, 91mY, 92Y, 93Y, 93mY, 94Y, 95Y, 96Y, 96mY, 97Y, 97m1Y, 97m2Y, 98Y, 98m1Y, 98m2Y, 98m3Y, 98m4Y, 99Y, 99mY, 100Y, 101Y, 102Y, 103Y, 104Y, 105Y, 106Y, 107Y, 108Y
锆（40Zr）, 78Zr, 79Zr, 80Zr, 81Zr, 82Zr, 83Zr, 84Zr, 85Zr, 85mZr, 86Zr, 87Zr, 87mZr, 88Zr, 89Zr, 89mZr, 90Zr, 90m1Zr, 90m2Zr, 91Zr, 91mZr, 92Zr, 93Zr, 94Zr, 95Zr, 96Zr, 97Zr, 98Zr, 99Zr, 100Zr, 101Zr, 102Zr, 103Zr, 104Zr, 105Zr, 106Zr, 107Zr, 108Zr, 109Zr, 110Zr
铌（41Nb）, 81Nb, 82Nb, 83Nb, 84Nb, 84mNb, 85Nb, 85mNb, 86Nb, 86mNb, 87Nb, 87mNb, 88Nb, 88mNb, 89Nb, 89mNb, 90Nb, 90m1Nb, 90m2Nb, 90m3Nb, 90m4Nb, 90m5Nb, 91Nb, 91m1Nb, 91m2Nb, 92Nb, 92m1Nb, 92m2Nb, 92m3Nb, 93Nb, 93mNb, 94Nb, 94mNb, 95Nb, 95mNb, 96Nb, 97Nb, 97mNb, 98Nb, 98mNb, 99Nb, 99mNb, 100Nb, 100mNb, 101Nb, 102Nb, 102mNb, 103Nb, 104Nb, 104mNb, 105Nb, 106Nb, 107Nb, 108Nb, 109Nb, 110Nb, 111Nb, 112Nb, 113Nb, 114Nb, 115Nb
钼（42Mo）, 83Mo, 84Mo, 85Mo, 86Mo, 87Mo, 88Mo, 89Mo, 89mMo, 90Mo, 90mMo, 91Mo, 91mMo, 92Mo, 92mMo, 93Mo, 93mMo, 94Mo, 95Mo, 96Mo, 97Mo, 98Mo, 99Mo, 99m1Mo, 99m2Mo, 100Mo, 101Mo, 102Mo, 103Mo, 104Mo, 105Mo, 106Mo, 107Mo, 107mMo, 108Mo, 109Mo, 110Mo, 111Mo, 112Mo, 113Mo, 114Mo, 115Mo, 116Mo, 117Mo, 118Mo
锝（43Tc）, 85Tc, 86Tc, 86mTc, 87Tc, 87mTc, 88Tc, 88mTc, 89Tc, 89mTc, 90Tc, 90mTc, 91Tc, 91mTc, 92Tc, 92mTc, 93Tc, 93m1Tc, 93m2Tc, 94Tc, 94mTc, 95Tc, 95mTc, 96Tc, 96mTc, 97Tc, 97mTc, 98Tc, 98mTc, 99Tc, 99mTc, 100Tc, 100m1Tc, 100m2Tc, 101Tc, 101mTc, 102Tc, 102mTc, 103Tc, 104Tc, 104m1Tc, 104m2Tc, 105Tc, 106Tc, 107Tc, 107mTc, 108Tc, 109Tc, 110Tc, 111Tc, 112Tc, 113Tc, 114Tc, 115Tc, 116Tc, 117Tc, 118Tc
钌（44Ru）, 87Ru, 88Ru, 89Ru, 90Ru, 91Ru, 91mRu, 92Ru, 93Ru, 93m1Ru, 93m2Ru, 94Ru, 94mRu, 95Ru, 96Ru, 97Ru, 98Ru, 99Ru, 100Ru, 101Ru, 101mRu, 102Ru, 103Ru, 103mRu, 104Ru, 105Ru, 106Ru, 107Ru, 108Ru, 109Ru, 110Ru, 111Ru, 112Ru, 113Ru, 113mRu, 114Ru, 115Ru, 116Ru, 117Ru, 118Ru, 119Ru, 120Ru
铑（45Rh）, 89Rh, 90Rh, 90mRh, 91Rh, 91mRh, 92Rh, 92mRh, 93Rh, 94Rh, 94mRh, 95Rh, 95mRh, 96Rh, 96mRh, 97Rh, 97mRh, 98Rh, 98mRh, 99Rh, 99mRh, 100Rh, 100m1Rh, 100m2Rh, 100m3Rh, 101Rh, 101mRh, 102Rh, 102mRh, 103Rh, 103mRh, 104Rh, 104mRh, 105Rh, 105mRh, 106Rh, 106mRh, 107Rh, 107mRh, 108Rh, 108mRh, 109Rh, 110Rh, 110mRh, 111Rh, 112Rh, 112mRh, 113Rh, 114Rh, 114Rh, 115Rh, 116Rh, 116mRh, 117Rh, 118Rh, 119Rh, 120Rh, 121Rh, 122Rh, 123Rh, 124Rh, 125Rh, 126Rh
钯（46Pd）, 91Pd, 92Pd, 93Pd, 93mPd, 94Pd, 94mPd, 95Pd, 95mPd, 96Pd, 96mPd, 97Pd, 98Pd, 99Pd, 100Pd, 101Pd, 102Pd, 103Pd, 103mPd, 104Pd, 105Pd, 106Pd, 107Pd, 107m1Pd, 107m2Pd, 108Pd, 109Pd, 109m1Pd, 109m2Pd, 110Pd, 111Pd, 111mPd, 112Pd, 113Pd, 113mPd, 114Pd, 115Pd, 115mPd, 116Pd, 117Pd, 117mPd, 118Pd, 119Pd, 120Pd, 121Pd, 122Pd, 123Pd, 124Pd, 125Pd, 126Pd, 126m1Pd, 126m2Pd, 128Pd, 128mPd
银（47Ag）, 93Ag, 94Ag, 94m1Ag, 94m2Ag, 95Ag, 95m1Ag, 95m2Ag, 95m3Ag, 96Ag, 96m1Ag, 96m2Ag, 97Ag, 97mAg, 98Ag, 98mAg, 99Ag, 99mAg, 100Ag, 100mAg, 101Ag, 101mAg, 102Ag, 102mAg, 103Ag, 103mAg, 104Ag, 104mAg, 105Ag, 105mAg, 106Ag, 106mAg, 107Ag, 107mAg, 108Ag, 108mAg, 109Ag, 109mAg, 110Ag, 110m1Ag, 110m2Ag, 111Ag, 111mAg, 112Ag, 113Ag, 113mAg, 114Ag, 114mAg, 115Ag, 115mAg, 116Ag, 116mAg, 117Ag, 117mAg, 118Ag, 118m1Ag, 118m2Ag, 118m3Ag, 119Ag, 119mAg, 120Ag, 120mAg, 121Ag, 122Ag, 122mAg, 123Ag, 124Ag, 124mAg, 125Ag, 126Ag, 127Ag, 128Ag, 129Ag, 129mAg, 130Ag
镉（48Cd）, 95Cd, 96Cd, 97Cd, 98Cd, 98mCd, 99Cd, 100Cd, 101Cd, 102Cd, 103Cd, 104Cd, 105Cd, 106Cd, 107Cd, 108Cd, 109Cd, 109m1Cd, 109m2Cd, 110Cd, 111Cd, 111mCd, 112Cd, 113Cd, 113mCd, 114Cd, 115Cd, 115mCd, 116Cd, 117Cd, 117mCd, 118Cd, 119Cd, 119mCd, 120Cd, 121Cd, 121mCd, 122Cd, 123Cd, 123mCd, 124Cd, 125Cd, 125mCd, 126Cd, 127Cd, 128Cd, 129Cd, 129mCd, 130Cd, 131Cd, 132Cd
铟（49In）, 97In, 98In, 98mIn, 99In, 99mIn, 100In, 101In, 101mIn, 102In, 103In, 103mIn, 104In, 104mIn, 105In, 105mIn, 106In, 106mIn, 107In, 107mIn, 108In, 108mIn, 109In, 109m1In, 109m2In, 110In, 110mIn, 111In, 111mIn, 112In, 112m1In, 112m2In, 112m3In, 113In, 113mIn, 114In, 114m1In, 114m2In, 114m3In, 115In, 115mIn, 116In, 116m1In, 116m2In, 117In, 117mIn, 118In, 118m1In, 118m2In, 119In, 1119m1In, 119m2In, 120In, 120m1In, 120m2In, 121In, 121mIn, 122In, 122m2In, 122m2In, 123In, 123mIn, 124In, 124mIn, 125In, 125mIn, 126In, 126mIn, 127In, 127mIn, 128In, 128m1In, 128m2In, 129In, 129m1In, 129m2In, 130In, 130m1In, 130m2In, 131In, 131m1In, 131m2In, 132In, 133In, 133mIn, 134In, 135In
锡（50Sn）, 99Sn, 100Sn, 101Sn, 102Sn, 102mSn, 103Sn, 104Sn, 105Sn, 106Sn, 107Sn, 108Sn, 109Sn, 110Sn, 111Sn, 111mSn, 112Sn, 113Sn, 113mSn, 114Sn, 114mSn, 115Sn, 115m1Sn, 115m2Sn, 116Sn, 117Sn, 117m1Sn, 117m2Sn, 118Sn, 119Sn, 119m1Sn, 119m2Sn, 120Sn, 120m1Sn, 120m2Sn, 121Sn, 121m1Sn, 121m2Sn, 121m3Sn, 122Sn, 123Sn, 123m1Sn, 123m2Sn, 123m3Sn, 123m4Sn, 124Sn, 124m1Sn, 124m2Sn, 124m3Sn, 125Sn, 125mSn, 126Sn, 126m1Sn, 126m2Sn, 127Sn, 127mSn, 128Sn, 128mSn, 129Sn, 129mSn, 130Sn, 130m1Sn, 130m2Sn, 131Sn, 131m1Sn, 131m2Sn, 132Sn, 133Sn, 134Sn, 135Sn, 136Sn, 137Sn
锑（51Sb）, 103Sb, 104Sb, 105Sb, 106Sb, 106mSb, 107Sb, 108Sb, 109Sb, 110Sb, 111Sb, 112Sb, 113Sb, 114Sb, 114mSb, 115Sb, 116Sb, 116m1Sb, 116m2Sb, 117Sb, 118Sb, 118m1Sb, 118m2Sb, 119Sb, 119m1Sb, 119m2Sb, 120Sb, 120m1Sb, 120m2Sb, 120m3Sb, 121Sb, 122Sb, 122m1Sb, 122m2Sb, 122m3Sb, 123Sb, 124Sb, 124m1Sb, 124m2Sb, 124m3Sb, 125Sb, 126Sb, 126m1Sb, 126m2Sb, 126m3Sb, 127Sb, 128Sb, 128mSb, 129Sb, 129m1Sb, 129m2Sb, 129m3Sb, 130Sb, 130mSb, 130mSb, 131Sb, 132Sb, 132m1Sb, 132m2Sb, 133Sb, 134Sb, 134mSb, 135Sb, 136Sb, 136mSb, 137Sb, 138Sb, 139S
碲（52Te）, 104Te, 105Te, 106Te, 107Te, 108Te, 109Te, 110Te, 111Te, 112Te, 113Te, 114Te, 115Te, 115m1Te, 115m2Te, 116Te, 117Te, 117mTe, 118Te, 119Te, 119mTe, 120Te, 121Te, 121mTe, 122Te, 123Te, 123mTe, 124Te, 125Te, 125mTe, 126Te, 127Te, 127mTe, 128Te, 128mTe, 129Te, 129mTe, 130Te, 130m1Te, 130m2Te, 130m2Te, 130m3Te, 131Te, 131mTe, 132Te, 133Te, 133mTe, 134Te, 135Te, 135mTe, 136Te, 137Te, 138Te, 139Te, 140Te, 141Te, 142Te
碘（53I）, 108I, 109I, 110I, 111I, 112I, 113I, 114I, 114mI, 115I, 116I, 116mI, 117I, 118I, 118mI, 119I, 120I, 120m1I, 120m2I, 121I, 121mI, 122I, 123I, 124I, 125I, 126I, 127I, 128I, 128m1I, 128m2I, 129I, 130I, 130m1I, 130m2I, 130m3I, 130m4I, 131I, 132I, 132mI, 133I, 133m1I, 133m2I, 133I, 133m1I, 133m2I, 134I, 134mI, 135I, 136I, 136mI, 137I, 138I, 139I, 140I, 141I, 142I, 143I, 144I, 145I
氙（54Xe）, 110Xe, 111Xe, 112Xe, 113Xe, 114Xe, 115Xe, 116Xe, 117Xe, 118Xe, 119Xe, 120Xe, 121Xe, 122Xe, 123Xe, 123mXe, 124Xe, 125Xe, 125m1Xe, 125m2Xe, 126Xe, 127Xe, 127mXe, 128Xe, 129Xe, 129mXe, 130Xe, 131Xe, 131mXe, 132Xe, 132mXe, 133Xe, 133mXe, 134Xe, 134m1Xe, 134m2Xe, 135Xe, 136Xe, 136mXe, 137Xe, 138Xe, 139Xe, 140Xe, 141Xe, 142Xe, 143Xe, 144Xe, 145Xe, 146Xe, 147Xe
铯（55Cs）, 112Cs, 113Cs, 114Cs, 115Cs, 116Cs, 116mCs, 117Cs, 117mCs, 118Cs, 118mCs, 119Cs, 119mCs, 120Cs, 120mCs, 121Cs, 121mCs, 122Cs, 122m1Cs, 122m2Cs, 122m3Cs, 123Cs, 123m1Cs, 123m2Cs, 124Cs, 124mCs, 125Cs, 125mCs, 126Cs, 126m1Cs, 126m2Cs, 127Cs, 127mCs, 128Cs, 129Cs, 130Cs, 130mCs, 131Cs, 132Cs, 133Cs, 134Cs, 134mCs, 135Cs, 135mCs, 136Cs, 136mCs, 137Cs, 138Cs, 138mCs, 139Cs, 140Cs, 141Cs, 142Cs, 143Cs, 144Cs, 144mCs, 145Cs, 146Cs, 147Cs, 148Cs, 149Cs, 150Cs, 151Cs
钡（56Ba）, 114Ba, 115Ba, 116Ba, 117Ba, 118Ba, 119Ba, 120Ba, 121Ba, , 122Ba, 123Ba, 124Ba, 125Ba, 126Ba, 127Ba, 127mBa, 128Ba, 129Ba, 129mBa, 130Ba, 130mBa, 131Ba, 131mBa, 132Ba, 133Ba, 133mBa, 134Ba, 135Ba, 135mBa, 136Ba, 136mBa, 137Ba, 137m1Ba, 137m2Ba, 138Ba, 138mBa, 139Ba, 140Ba, 141Ba, 142Ba, 143Ba, 144Ba, 145Ba, 146Ba, 147Ba, 148Ba, 149Ba, 150Ba, 151Ba, 152Ba, 153Ba
镧（57La）, 117La, 117mLa, 118La, 119La, 120La, 121La, 122La, 123La, 124La, 124mLa, 125La, 125mLa, 126La, 126mLa, 127La, 127mLa, 128La, 128mLa, 129La, 129mLa, 130La, 131La, 131mLa, 132La, 132mLa, 133La, 134La, 135La, 136La, 136mLa, 137La, 138La, 138mLa, 139La, 140La, 141La, 142La, 143La, 144La, 145La, 146La, 146mLa, 147La, 148La, 149La, 150La, 151La, 152La, 153La, 154La, 155La
铈（58Ce）, 119Ce, 120Ce, 121Ce, 122Ce, 123Ce, 124Ce, 125Ce, 126Ce, 127Ce, 128Ce, 129Ce, 130Ce, 130mCe, 131Ce, 131mCe, 132Ce, 132mCe, 133Ce, 133mCe, 134Ce, 135Ce, 135mCe, 136Ce, 136mCe, 137Ce, 137mCe, 138Ce, 138mCe, 139Ce, 139mCe, 140Ce, 140mCe, 141Ce, 142Ce, 143Ce, 144Ce, 145Ce, 146Ce, 147Ce, 148Ce, 149Ce, 150Ce, 151Ce, 152Ce, 153Ce, 154Ce, 155Ce, 156Ce, 157Ce
镨（59Pr）, 121Pr, 122Pr, 123Pr, 124Pr, 125Pr, 126Pr, 127Pr, 127mPr, 128Pr, 129Pr, 129mPr, 130Pr, 130mPr, 131Pr, 131mPr, 132Pr, 132mPr, 133Pr, 133mPr, 134Pr, 134mPr, 135Pr, 135mPr, 136Pr, 137Pr, 137mPr, 138Pr, 138mPr, 139Pr, 140Pr, 140m1Pr, 140m2Pr, 141Pr, 142Pr, 142mPr, 143Pr, 144Pr, 144mPr, 145Pr, 146Pr, 147Pr, 148Pr, 148mPr, 149Pr, 150Pr, 151Pr, 152Pr, 153Pr, 154Pr, 155Pr, 156Pr, 157Pr, 158Pr, 159Pr
钕（60Nd）, 124Nd, 125Nd, 126Nd, 127Nd, 128Nd, 129Nd, 130Nd, 131Nd, 132Nd, 133Nd, 133m1Nd, 133m2Nd, 134Nd, 134mNd, 135Nd, 135mNd, 136Nd, 137Nd, 137mNd, 138Nd, 138mNd, 139Nd, 139m1Nd, 139m2Nd, 140Nd, 140mNd, 141Nd, 141mNd, 142Nd, 143Nd, 144Nd, 145Nd, 146Nd, 147Nd, 148Nd, 149Nd, 150Nd, 151Nd, 152Nd, 153Nd, 154Nd, 154m1Nd, 154m2Nd, 155Nd, 156Nd, 157Nd, 158Nd, 159Nd, 160Nd, 161Nd
钷（61Pm）, 126Pm, 127Pm, 128Pm, 129Pm, 130Pm, 131Pm, 132Pm, 133Pm, 133mPm, 134Pm, 134mPm, 135Pm, 135mPm, 136Pm, 136mPm, 137Pm, 137mPm, 138Pm, 138mPm, 139Pm, 139mPm, 140Pm, 140mPm, 141Pm, 141m1Pm, 141m2Pm, 142Pm, 142mPm, 143Pm, 144Pm, 144m1Pm, 144m2Pm, 145Pm, 146Pm, 147Pm, 148Pm, 148mPm, 149Pm, 149mPm, 150Pm, 151Pm, 152Pm, 152m1Pm, 152m2Pm, 153Pm, 154Pm, 154mPm, 155Pm, 156Pm, 157Pm, 158Pm, 159Pm, 160Pm, 161Pm, 162Pm, 163Pm
钐（62Sm）, 128Sm, 129Sm, 130Sm, 131Sm, 132Sm, 133Sm, 134Sm, 135Sm, 135mSm, 136Sm, 136mSm, 137Sm, 137mSm, 138Sm, 139Sm, 139mSm, 140Sm, 141Sm, 141mSm, 142Sm, 143Sm, 143m1Sm, 143m2Sm, 144Sm, 144mSm, 145Sm, 145mSm, 146Sm, 147Sm, 148Sm, 149Sm, 150Sm, 151Sm, 151mSm, 152Sm, 153Sm, 153mSm, 154Sm, 155Sm, 156Sm, 156mSm, 157Sm, 158Sm, 159Sm, 160Sm, 161Sm, 162Sm, 163Sm, 164Sm, 165Sm
铕（63Eu）, 130Eu, 131Eu, 132Eu, 133Eu, 134Eu, 135Eu, 136Eu, 136mEu, 137Eu, 138Eu, 139Eu, 140Eu, 140mEu, 141Eu, 141mEu, 142Eu, 142mEu, 143Eu, 143mEu, 144Eu, 144mEu, 145Eu, 145mEu, 146Eu, 146mEu, 147Eu, 148Eu, 149Eu, 150Eu, 150mEu, 151Eu, 151mEu, 152Eu, 152m1Eu, 152m2Eu, 152m3Eu, 152m4Eu, 152m5Eu, 153Eu, 154Eu, 154m1Eu, 154m2Eu, 155Eu, 156Eu, 157Eu, 158Eu, 159Eu, 160Eu, 161Eu, 162Eu, 163Eu, 164Eu, 165Eu, 166Eu, 167Eu
钆（64Gd）, 134Gd, 135Gd, 136Gd, 137Gd, 138Gd, 138mGd, 139Gd, 139mGd, 140Gd, 141Gd, 141mGd, 142Gd, 143Gd, 143mGd, 144Gd, 145Gd, 145mGd, 146Gd, 147Gd, 147mGd, 148Gd, 149Gd, 150Gd, 151Gd, 152Gd, 153Gd, 153m1Gd, 153m2Gd, 154Gd, 155Gd, 155mGd, 156Gd, 156mGd, 157Gd, 158Gd, 159Gd, 160Gd, 161Gd, 162Gd, 163Gd, 164Gd, 165Gd, 166Gd, 167Gd, 168Gd, 169Gd
铽（65Tb）, 135Tb, 136Tb, 137Tb, 138Tb, 139Tb, 140Tb, 141Tb, 141mTb, 142Tb, 142m1Tb, 142m2Tb, 143Tb, 143mTb, 144Tb, 144m1Tb, 144m2Tb, 144m3Tb, 144m4Tb, 145Tb, 145mTb, 146Tb, 146m1Tb, 146m2Tb, 147Tb, 147mTb, 148Tb, 148m1Tb, 148m2Tb, 149Tb, 149mTb, 150Tb, 150mTb, 151Tb, 151mTb, 152Tb, 152m1Tb, 152m2Tb, 153Tb, 153mTb, 154Tb, 154m1Tb, 154m2Tb, 154m3Tb, 155Tb, 156Tb, 156m1Tb, 156m2Tb, 157Tb, 158Tb, 158m1Tb, 158m2Tb, 159Tb, 160Tb, 161Tb, 162Tb, 163Tb, 164Tb, 165Tb, 166Tb, 167Tb, 168Tb, 169Tb, 170Tb, 171Tb
镝（66Dy）, 138Dy, 139Dy, 140Dy, 140mDy, 141Dy, 142Dy, 143Dy, 143mDy, 144Dy, 145Dy, 145mDy, 146Dy, 146mDy, 147Dy, 147m1Dy, 147m2Dy, 148Dy, 149Dy, 149mDy, 150Dy, 151Dy, 152Dy, 153Dy, 154Dy, 155Dy, 155mDy, 156Dy, 157Dy, 157m1Dy, 157m2Dy, 158Dy, 159Dy, 159mDy, 160Dy, 161Dy, 162Dy, 163Dy, 164Dy, 165Dy, 165mDy, 166Dy, 167Dy, 168Dy, 169Dy, 170Dy, 171Dy, 172Dy, 173Dy
钬（67Ho）, 140Ho, 141Ho, 141mHo, 142Ho, 143Ho, 144Ho, 145Ho, 145mHo, 146Ho, 147Ho, 148Ho, 148m1Ho, 148m2Ho, 149Ho, 149m1Ho, 149m2Ho, 150Ho, 150m1Ho, 150m2Ho, 151Ho, 151mHo, 152Ho, 152m1Ho, 152m2Ho, 153Ho, 153m1Ho, 153m2Ho, 154Ho, 155Ho, 155mHo, 156Ho, 156m1Ho, 156m2Ho, 157Ho, 158Ho, 158m1Ho, 158m2Ho, 159Ho, 159mHo, 169Ho, 160m1Ho, 160m2Ho, 161Ho, 162Ho, 162mHo, 163Ho, 163mHo, 164Ho, 164mHo, 165Ho, 166Ho, 166m1Ho, 166m2Ho, 167Ho, 167mHo, 168Ho, 168m1Ho, 168m2Ho, 168m3Ho, 169Ho, 170Ho, 170mHo, 171Ho, 172Ho, 173Ho, 174Ho, 175Ho
铒（68Er）, 142Er, 143Er, 144Er, 145Er, 146Er, 147Er, 147mEr, 148Er, 149Er, 149m1Er, 149m2Er, 149m3Er, 150Er, 151Er, 151m1Er, 151m2Er, 152Er, 153Er, 154Er, 155Er, 156Er, 157Er, 157mEr, 158Er, 159Er, 159m1Er, 159m2Er, 160Er, 161Er, 161mEr, 162Er, 163Er, 163mEr, 164Er, 165Er, 166Er, 167Er, 167mEr, 168Er, 169Er, 170Er, 171Er, 171mEr, 172Er, 173Er, 174Er, 175Er, 176Er, 177Er
铥（69Tm）, 145Tm, 146Tm, 146mTm, 147Tm, 147mTm, 148Tm, 148mTm, 149Tm, 150Tm, 150m1Tm, 150m2Tm, 151Tm, 151m1Tm, 151m2Tm, 152Tm, 152m1Tm, 152m2Tm, 153Tm, 153mTm, 154Tm, 154mTm, 155Tm, 155mTm, 156Tm, 156mTm, 157Tm, 158Tm, 158mTm, 159Tm, 160Tm, 160m1Tm, 160m2Tm, 161Tm, 161m1Tm, 161m2Tm, 162Tm, 162mTm, 163Tm, 164Tm, 164mTm, 165Tm, 166Tm, 166mTm, 167Tm, 167m1Tm, 167m2Tm, 168Tm, 169Tm, 170Tm, 170mTm, 171Tm, 171mTm, 172Tm, 173Tm, 173mTm, 174Tm, 175Tm, 176Tm, 177Tm, 178Tm, 179Tm
镱（70Yb）, 148Yb, 149Yb, 150Yb, 151Yb, 151m1Yb, 151m2Yb, 151m3Yb, 152Yb, 153Yb, 153mYb, 154Yb, 155Yb, 156Yb, 157Yb, 158Yb, 159Yb, 160Yb, 161Yb, 162Yb, 163Yb, 164Yb, 165Yb, 166Yb, 167Yb, 168Yb, 169Yb, 169mYb, 170Yb, 170mYb, 171Yb, 171m1Yb, 171m2Yb, 172Yb, 173Yb, 173mYb, 174Yb, 175Yb, 175mYb, 176Yb, 176mYb, 177Yb, 177mYb, 178Yb, 179Yb, 180Yb, 181Yb, 182Yb
镥（71Lu）, 150Lu, 150mLu, 151Lu, 151mLu, 152Lu, 153Lu, 153m1Lu, 153m2Lu, 153m3Lu, 154Lu, 154m1Lu, 154m2Lu, 155Lu, 155m1Lu, 155m2Lu, 156Lu, 156mLu, 157Lu, 157mLu, 158Lu, 159Lu, 159mLu, 160Lu, 160mLu, 161Lu, 161mLu, 162Lu, 162m1Lu, 162m2Lu, 163Lu, 164Lu, 165Lu, 166Lu, 166m1Lu, 166m2Lu, 167Lu, 167mLu, 168Lu, 168mLu, 169Lu, 169mLu, 170Lu, 170mLu, 171Lu, 171mLu, 172Lu, 172m1Lu, 172m2Lu, 172m3Lu, 172m4Lu, 173Lu, 173mLu, 174Lu, 174m1Lu, 174m2Lu, 174m3Lu, 175Lu, 175m1Lu, 175m2Lu, 176Lu, 176mLu, 177Lu, 177m1Lu, 177m2Lu, 177m3Lu, 177m4Lu, 178Lu, 178mLu, 179Lu, 179mLu, 180Lu, 180m1Lu, 180m2Lu, 181Lu, 182Lu, 183Lu, 184Lu
铪（72Hf）, 153Hf, 153mHf, 154Hf, 155Hf, 156Hf, 156mHf, 157Hf, 158Hf, 159Hf, 160Hf, 161Hf, 162Hf, 163Hf, 164Hf, 165Hf, 166Hf, 167Hf, 168Hf, 169Hf, 170Hf, 171Hf, 171mHf, 172Hf, 172mHf, 173Hf, 174Hf, 174m1Hf, 174m2Hf, 174m3Hf, 174m4Hf, 175Hf, 176Hf, 177Hf, 177m1Hf, 177m2Hf, 177m3Hf, 178Hf, 178m1Hf, 178m2Hf, 178m3Hf, 179Hf, 179m1Hf, 179m2Hf, 180Hf, 180m1Hf, 180m2Hf, 180m3Hf, 180m4Hf, 180m5Hf, 180m6Hf, 181Hf, 181m1Hf, 181m2Hf, 181m3Hf, 182Hf, 182mHf, 183Hf, 184Hf, 184mHf, 185Hf, 186Hf, 187Hf, 188Hf
钽（73Ta）, 155Ta, 156Ta, 156mTa, 157Ta, 157m1Ta, 157m2Ta, 158Ta, 158mTa, 159Ta, 159mTa, 160Ta, 160mTa, 161Ta, 161mTa, 162Ta, 163Ta, 164Ta, 165Ta, 165mTa, 166Ta, 167Ta, 168Ta, 169Ta, 170Ta, 171Ta, 172Ta, 173Ta, 174Ta, 175Ta, 176Ta, 176m1Ta, 176m2Ta, 176m3Ta, 177Ta, 177m1Ta, 177m2Ta, 177m3Ta, 177m4Ta, 178Ta, 178m1Ta, 178m2Ta, 178m3Ta, 179Ta, 179m1Ta, 179m2Ta, 179m3Ta, 179m4Ta, 179m5Ta, 179m6Ta, 180Ta, 180m1Ta, 180m2Ta, 180m3Ta, 180m4Ta, 181Ta, 181m1Ta, 181m2Ta, 181m3Ta, 181m4Ta, 182Ta, 182m1Ta, 182m2Ta, 183Ta, 183mTa, 184Ta, 185Ta, 185mTa, 186Ta, 186mTa, 187Ta, 188Ta, 189Ta, 190Ta
钨（74W）, 158W, 158mW, 159W, 160W, 161W, 162W, 163W, 164W, 165W, 166W, 167W, 168W, 169W, 170W, 171W, 172W, 173W, 174W, 175W, 176W, 177W, 178W, 179W, 179m1W, 179m2W, 179m3W, 180W, 180m1W, 180m2W, 181W, 182W, 183W, 183mW, 184W, 185W, 185mW, 186W, 186m1W, 186m2W, 187W, 188W, 189W, 190W, 190mW, 191W, 192W
铼（75Re）, 160Re, 161Re, 161mRe, 162Re, 162mRe, 163Re, 163mRe, 164Re, 164mRe, 165Re, 165mRe, 166Re, 167Re, 167mRe, 168Re, 168mRe, 169Re, 169mRe, 170Re, 171Re, 172Re, 172mRe, 173Re, 174Re, 175Re, 176Re, 177Re, 177mRe, 178Re, 179Re, 179m1Re, 179m2Re, 180Re, 181Re, 182Re, 182m1Re, 182m2Re, 182m3Re, 183Re, 183mRe, 184Re, 184mRe, 184mRe, 185Re, 185mRe, 186Re, 186mRe, 187Re, 188Re, 188mRe, 189Re, 190Re, 190mRe, 191Re, 192Re, 193Re, 194Re
锇（76Os）, 161Os, 162Os, 163Os, 164Os, 165Os, 166Os, 167Os, 168Os, 169Os, 170Os, 171Os, 172Os, 173Os, 174Os, 175Os, 176Os, 177Os, 178Os, 179Os, 180Os, 181Os, 181m1Os, 181m2Os, 182Os, 183Os, 183mOs, 184Os, 185Os, 185m1Os, 185m2Os, 186Os, 187Os, 188Os, 189Os, 189mOs, 190Os, 190mOs, 191Os, 191mOs, 192Os, 192mOs, 193Os, 194Os, 195Os, 196Os, 197Os
铱（77Ir）, 164Ir, 164mIr, 165Ir, 165mIr, 166Ir, 166mIr, 167Ir, 167mIr, 168Ir, 168mIr, 169Ir, 169mIr, 170Ir, 170mIr, 171Ir, 171mIr, 172Ir, 172mIr, 173Ir, 173mIr, 174Ir, 174mIr, 175Ir, 176Ir, 177Ir, 178Ir, 179Ir, 180Ir, 181Ir, 182Ir, 183Ir, 184Ir, 184m1Ir, 184m2Ir, 185Ir, 186Ir, 186mIr, 187Ir, 187m1Ir, 187m2Ir, 188Ir, 188mIr, 189Ir, 189m1Ir, 189m2Ir, 190Ir, 190m1Ir, 190m2Ir, 190m3Ir, 191Ir, 191m1Ir, 191m2Ir, 192Ir, 192m1Ir, 192m2Ir, 193Ir, 193mIr, 194Ir, 194m1Ir, 194m2Ir, 195Ir, 195mIr, 196Ir, 196mIr, 197Ir, 197mIr, 198Ir, 199Ir
铂（78Pt）, 166Pt, 167Pt, 168Pt, 169Pt, 170Pt, 171Pt, 172Pt, 173Pt, 174Pt, 175Pt, 176Pt, 177Pt, 177mPt, 178Pt, 179Pt, 180Pt, 181Pt, 182Pt, 183Pt, 183m1Pt, 183m2Pt, 184Pt, 184mPt, 185Pt, 185mPt, 186Pt, 187Pt, 188Pt, 189Pt, 189m1Pt, 189m2Pt, 190Pt, 191Pt, 191m1Pt, 191m2Pt, 192Pt, 193Pt, 193mPt, 194Pt, 195Pt, 196Pt, 197Pt, 197mPt, 198Pt, 199Pt, 199mPt, 200Pt, 201Pt, 202Pt
金（79Au）, 169Au, 170Au, 170mAu, 171Au, 171mAu, 172Au, 173Au, 173mAu, 174Au, 174mAu, 175Au, 175mAu, 176Au, 176mAu, 177Au, 177mAu, 178Au, 179Au, 179mAu, 180Au, 181Au, 182Au, 183Au, 183m1Au, 183m2Au, 184Au, 184mAu, 185Au, 185mAu, 186Au, 186mAu, 187Au, 187mAu, 188Au, 189Au, 189m1Au, 189m2Au, 189m3Au, 190Au, 190mAu, 191Au, 191Au, 191m1Au, 191m2Au, 192Au, 192m1Au, 192m2Au, 193Au, 193m1Au, 193m2Au, 194Au, 194m1Au, 194m2Au, 195Au, 195mAu, 196Au, 196m1Au, 196m2Au, 197Au, 197mAu, 198Au, 198m1Au, 198m2Au, 199Au, 199mAu, 200Au, 200mAu, 201Au, 202Au, 203Au, 204Au, 205Au
汞（80Hg）, 171Hg, 172Hg, 173Hg, 174Hg, 175Hg, 176Hg, 177Hg, 178Hg, 179Hg, 180Hg, 181Hg, 181mHg, 182Hg, 183Hg, 183m1Hg, 183m2Hg, 184Hg, 185Hg, 185mHg, 186Hg, 186mHg, 187Hg, 187mHg, 188Hg, 188mHg, 189Hg, 189mHg, 190Hg, 191Hg, 191mHg, 192Hg, 193Hg, 193mHg, 194Hg, 195Hg, 195mHg, 196Hg, 197Hg, 197mHg, 198Hg, 199Hg, 199mHg, 200Hg, 201Hg, 201mHg, 202Hg, 203Hg, 203mHg, 204Hg, 205Hg, 205mHg, 206Hg, 207Hg, 208Hg, 209Hg, 210Hg
铊（81Tl）, 176Tl, 177Tl, 177mTl, 178Tl, 179Tl, 179mTl, 180Tl, 181Tl, 181mTl, 182Tl, 182m1Tl, 182m2Tl, 183Tl, 183m1Tl, 183m2Tl, 184Tl, 184m1Tl, 184m2Tl, 185Tl, 185mTl, 186Tl, 186m1Tl, 186m2Tl, 187Tl, 187mTl, 188Tl, 188m1Tl, 188m2Tl, 189Tl, 189mTl, 190Tl, 190m1Tl, 190m2Tl, 190m3Tl, 191Tl, 191mTl, 192Tl, 192m1Tl, 192m2Tl, 193Tl, 193mTl, 194Tl, 194mTl, 195Tl, 195mTl, 196Tl, 196mTl, 197Tl, 197mTl, 198Tl, 198m1Tl, 198m2Tl, 198m3Tl, 199Tl, 199mTl, 200Tl, 200m1Tl, 200m2Tl, 201Tl, 201mTl, 202Tl, 202mTl, 203Tl, 203mTl, 204Tl, 204m1Tl, 204m2Tl, 204m3Tl, 205Tl, 205m1Tl, 205m2Tl, 206Tl, 206mTl, 207Tl, 207mTl, 208Tl, 209Tl, 210Tl, 211Tl, 212Tl
铅（82Pb）, 178Pb, 179Pb, 180Pb, 181Pb, 182Pb, 183Pb, 183mPb, 184Pb, 185Pb, 185mPb, 186Pb, 187Pb, 187mPb, 188Pb, 188m1Pb, 188m2Pb, 189Pb, 189mPb, 190Pb, 190m1Pb, 190m2Pb, 190m3Pb, 191Pb, 191mPb, 192Pb, 192m1Pb, 192m2Pb, 192m3Pb, 193Pb, 193m1Pb, 193m2Pb, 194Pb, 195Pb, 195m1Pb, 195m2Pb, 196Pb, 196m1Pb, 196m2Pb, 196m3Pb, 196m4Pb, 197Pb, 197m1Pb, 197m2Pb, 198Pb, 198m1Pb, 198m2Pb, 198m3Pb, 199Pb, 199m1Pb, 199m2Pb, 200Pb, 201Pb, 201m1Pb, 201m2Pb, 202Pb, 202m1Pb, 202m2Pb, 202m3Pb, 203Pb, 203m1Pb, 203m2Pb, 203m3Pb, 204Pb, 204m1Pb, 204m2Pb, 204m3Pb, 205Pb, 205m1Pb, 205m2Pb, 205m3Pb, 206Pb, 206m1Pb, 206m2Pb, 207Pb, 207mPb, 208Pb, 208mPb, 209Pb, 210Pb, 210mPb, 211Pb, 212Pb, 213Pb, 214Pb, 215Pb
铋（83Bi）, 184Bi, 184mBi, 185Bi, 185mBi, 186Bi, 186mBi, 187Bi, 187m1Bi, 187m2Bi, 188Bi, 188mBi, 189Bi, 189m1Bi, 189m2Bi, 190Bi, 190m1Bi, 190m2Bi, 191Bi, 191mBi, 192Bi, 192mBi, 193Bi, 193mBi, 194Bi, 194m1Bi, 194m2Bi, 195Bi, 195m1Bi, 195m2Bi, 196Bi, 196m1Bi, 196m2Bi, 197Bi, 197m1Bi, 197m2Bi, 197m3Bi, 197m4Bi, 197m5Bi, 198Bi, 198m1Bi, 198m2Bi, 199Bi, 199m1Bi, 199m2Bi, 199m3Bi, 200Bi, 200m1Bi, 200m2Bi, 201Bi, 201m1Bi, 201m2Bi, 201m3Bi, 201m4Bi, 202Bi, 202m1Bi, 202m2Bi, 203Bi, 203m1Bi, 203m2Bi, 204Bi, 204m1Bi, 204m2Bi, 205Bi, 206Bi, 206m1Bi, 206m2Bi, 207Bi, 207mBi, 208Bi, 184Bi, 208mBi, 209Bi, 210Bi, 210mBi, 211Bi, 211mBi, 212Bi, 212m1Bi, 212m2Bi, 213Bi, 214Bi, 215Bi, 215mBi, 216Bi, 217Bi, 218Bi
钋（84Po）, 188Po, 189Po, 190Po, 191Po, 191mPo, 192Po, 192mPo, 193Po, 193mPo, 194Po, 194mPo, 195Po, 195mPo, 196Po, 196mPo, 197Po, 197mPo, 198Po, 198m1Po, 198m2Po, 199Po, 199mPo, 200Po, 201Po, 201mPo, 202Po, 202mPo, 203Po, 203m1Po, 203m2Po, 204Po, 205Po, 205m1Po, 205m2Po, 205m3Po, 205m4Po, 206Po, 206m1Po, 206m2Po, 207Po, 207m1Po, 207m2Po, 207m3Po, 208Po, 209Po, 210Po, 210mPo, 211Po, 211m1Po, 211m2Po, 211m3Po, 212Po, 212mPo, 213Po, 214Po, 215Po, 216Po, 217Po, 218Po, 219Po, 220Po
砹（85At）, 191At, 191mAt, 193At, 193m1At, 193m2At, 194At, 194mAt, 195At, 195mAt, 196At, 196m1At, 196m2At, 197At, 197mAt, 198At, 198mAt, 199At, 200At, 200m1At, 200m2At, 201At, 202At, 202m1At, 202m2At, 203At, 204At, 204mAt, 205At, 205mAt, 206At, 206mAt, 207At, 208At, 209At, 210At, 210m1At, 210m2At, 211At, 212At, 212m1At, 212m2At, 213At, 214At, 214m1At, 214m2At, 215At, 216At, 216mAt, 217At, 218At, 219At, 220At, 221At, 222At, 223At
氡（86Rn）, 195Rn, 195mRn, 196Rn, 197Rn, 197mRn, 198Rn, 199Rn, 199mRn, 200Rn, 201Rn, 202Rn, 203Rn, 203mRn, 204Rn, 205Rn, 206Rn, 207Rn, 207mRn, 208Rn, 209Rn, 209m1Rn, 209m2Rn, 210Rn, 210m1Rn, 210m2Rn, 210m3Rn, 211Rn, 212Rn, 213Rn, 214Rn, 214mRn, 215Rn, 216Rn, 217Rn, 218Rn, 219Rn, 220Rn, 221Rn, 222Rn, 223Rn, 224Rn, 225Rn, 226Rn, 227Rn, 228Rn, 229Rn
钫（87Fr）, 199Fr, 200Fr, 200mFr, 201Fr, 202Fr, 202mFr, 203Fr, 204Fr, 204m1Fr, 204m2Fr, 205Fr, 206Fr, 206m1Fr, 206m2Fr, 207Fr, 208Fr, 209Fr, 210Fr, 211Fr, 212Fr, 213Fr, 214Fr, 214m1Fr, 214m2Fr, 214m3Fr, 215Fr, 216Fr, 217Fr, 218Fr, 218m1Fr, 218m2Fr, 219Fr, 220Fr, 221Fr, 222Fr, 223Fr, 224Fr, 225Fr, 226Fr, 227Fr, 228Fr, 229Fr, 230Fr, 231Fr, 232Fr, 233Fr
镭（88Ra）, 202Ra, 203Ra, 203mRa, 204Ra, 205Ra, 205mRa, 206Ra, 207Ra, 207mRa, 208Ra, 208mRa, 209Ra, 210Ra, 210mRa, 211Ra, 212Ra, 212m1Ra, 212m2Ra, 213Ra, 213mRa, 214Ra, 215m1Ra, 215m2Ra, 215m3Ra, 216Ra, 217Ra, 218Ra, 219Ra, 220Ra, 221Ra, 222Ra, 223Ra, 224Ra, 225Ra, 226Ra, 227Ra, 228Ra, 229Ra, 230Ra, 231Ra, 231mRa, 232Ra, 233Ra, 234Ra
锕（89Ac）, 205Ac, 206Ac, 206m1Ac, 206m2Ac, 207Ac, 208Ac, 208mAc, 209Ac, 210Ac, 211Ac, 212Ac, 213Ac, 214Ac, 215Ac, 216Ac, 216mAc, 217Ac, 217mAc, 218Ac, 218mAc, 219Ac, 220Ac, 221Ac, 222Ac, 222mAc, 223Ac, 224Ac, 225Ac, 226Ac, 227Ac, 228Ac, 229Ac, 230Ac, 231Ac, 232Ac, 233Ac, 234Ac, 235Ac, 236Ac
钍（90Th）, 209Th, 210Th, 211Th, 212Th, 213Th, 214Th, 215Th, 216Th, 216m1Th, 216m2Th, 217Th, 218Th, 219Th, 220Th, 221Th, 222Th, 223Th, 224Th, 225Th, 226Th, 227Th, 228Th, 229Th, 229mTh, 230Th, 231Th, 232Th, 233Th, 234Th, 235Th, 236Th, 237Th, 238Th
镤（91Pa）, 212Pa, 213Pa, 214Pa, 215Pa, 216Pa, 217Pa, 217mPa, 218Pa, 219Pa, 220Pa, 221Pa, 222Pa, 223Pa, 224Pa, 225Pa, 226Pa, 227Pa, 228Pa, 229Pa, 229mPa, 230Pa, 231Pa, 232Pa, 233Pa, 234Pa, 234mPa, 235Pa, 236Pa, 237Pa, 238Pa, 239Pa, 240Pa
铀（92U）, 214U, 215U, 216U, 217U, 218U, 219U, 220U, 221U, 222U, 223U, 224U, 225U, 226U, 227U, 228U, 229U, 230U, 231U, 232U, 233U, 234U, 235U, 235mU, 236U, 236m1U, 236m2U, 237U, 238U, 238mU, 239U, 239m1U, 239m2U, 240U, 241U, 242U
镎（93Np）, 225Np, 226Np, 227Np, 228Np, 229Np, 230Np, 231Np, 232Np, 233Np, 234Np, 235Np, 236Np, 236mNp, 237Np, 238Np, 238mNp, 239Np, 240Np, 240mNp, 241Np, 242Np, 242mNp, 243Np, 244Np
钚（94Pu）, 228Pu, 229Pu, 230Pu, 231Pu, 232Pu, 233Pu, 234Pu, 235Pu, 236Pu, 237Pu, 237m1Pu, 237m2Pu, 238Pu, 239Pu, 239m1Pu, 239m2Pu, 240Pu, 241Pu, 241m1Pu, 241m2Pu, 242Pu, 243Pu, 243mPu, 244Pu, 245Pu, 246Pu, 247Pu
镅（95Am）, 231Am, 232Am, 233Am, 234Am, 235Am, 236Am, 237Am, 238Am, 238mAm, 239Am, 239mAm, 240Am, 241Am, 241mAm, 242Am, 242m1Am, 242m2Am, 243Am, 244Am, 244mAm, 245Am, 246Am, 246m1Am, 246m2Am, 247Am, 248Am, 249Am
锔（96Cm）, 232Cm, 233Cm, 234Cm, 235Cm, 236Cm, 237Cm, 238Cm, 239Cm, 240Cm, 241Cm, 242Cm, 243Cm, 243mCm, 244Cm, 244mCm, 245Cm, 245mCm, 246Cm, 247Cm, 248Cm, 249Cm, 249mCm, 250Cm, 251Cm, 252Cm
锫（97Bk）, 235Bk, 236Bk, 237Bk, 238Bk, 239Bk, 240Bk, 241Bk, 242Bk, 242mBk, 243Bk, 244Bk, 245Bk, 246Bk, 247Bk, 248Bk, 248mBk, 249Bk, 249mBk, 250Bk, 250m1Bk, 250m2Bk, 251Bk, 251mBk, 252Bk, 253Bk, 254Bk
锎（98Cf）, 237Cf, 238Cf, 239Cf, 240Cf, 241Cf, 242Cf, 243Cf, 244Cf, 245Cf, 246Cf, 247Cf, 248Cf, 249Cf, 249mCf, 250Cf, 251Cf, 252Cf, 253Cf, 254Cf, 255Cf, 256Cf
锿（99Es）, 240Es, 241Es, 242Es, 243Es, 244Es, 245Es, 246Es, 247Es, 248Es, 249Es, 250Es, 250mEs, 251Es, 252Es, 253Es, 254Es, 254mEs, 255Es, 256Es, 256mEs, 257Es, 258Es
镄（100Fm）, 241Fm, 242Fm, 243Fm, 244Fm, 245Fm, 246Fm, 247Fm, 248Fm, 249Fm, 250Fm, 250mFm, 251Fm, 251mFm, 252Fm, 253Fm, 254Fm, 255Fm, 256Fm, 257Fm, 258Fm, 259Fm, 260Fm
钔（101Md）, 245Md, 245mMd, 246Md, 247Md, 247mMd, 248Md, 249Md, 249mMd, 250Md, 251Md, 252Md, 253Md, 254Md, 254mMd, 255Md, 256Md, 257Md, 258Md, 258mMd, 259Md, 260Md, 261Md, 262Md
锘（102No）, 248No, 249No, 250No, 251No, 251mNo, 252No, 253No, 253mNo, 254No, 254mNo, 255No, 256No, 257No, 258No, 259No, 260No, 261No, 262No, 263No, 264No
铹（103Lr）, 252Lr, 253Lr, 253mLr, 254Lr, 255Lr, 256Lr, 257Lr, 258Lr, 259Lr, 260Lr, 261Lr, 262Lr, 263Lr, 264Lr, 265Lr, 266Lr
𬬻（104Rf）, 253Rf, 253mRf, 254Rf, 255Rf, 256Rf, 257Rf, 257mRf, 258Rf, 259Rf, 260Rf, 261Rf, 261mRf, 262Rf, 262mRf, 263Rf, 264Rf, 265Rf, 266Rf, 267Rf, 268Rf
𬭊（105Db）, 255Db, 256Db, 257Db, 257mDb, 258Db, 258mDb, 259Db, 260Db, 260mDb, 261Db, 262Db, 263Db, 266Db, 267Db, 268Db, 270Db
𨭎（106Sg）, 258Sg, 259Sg, 260Sg, 261Sg, 261mSg, 262Sg, 263Sg, 263mSg, 264Sg, 265Sg, 266Sg, 267Sg, 269Sg, 271Sg
𨨏（107Bh）, 260Bh, 261Bh, 262Bh, 262mBh, 264Bh, 265Bh, 266Bh, 267Bh, 270Bh, 271Bh, 272Bh, 274Bh, 275Bh
𨭆（108Hs）, 263Hs, 263mHs, 264Hs, 265Hs, 265mHs, 266Hs, 267Hs, 267mHs, 268Hs, 269Hs, 270Hs, 271Hs, 273Hs, 275Hs, 277Hs, 277mHs
䥑（109Mt）, 265Mt, 266Mt, 266mMt, 267Mt, 268Mt, 268mMt, 269Mt, 270Mt, 270mMt, 271Mt, 272Mt, 273Mt, 274Mt, 275Mt, 276Mt, 277Mt, 278Mt, 279Mt
𫟼（110Ds）, 267Ds, 268Ds, 269Ds, 270Ds, 270mDs, 271Ds, 271mDs, 272Ds, 273Ds, 273m1Ds, 273m2Ds, 274Ds, 275Ds, 276Ds, 277Ds, 278Ds, 279Ds, 280Ds, 281Ds, 281mDs
𬬭（111Rg）, 272Rg, 273Rg, 274Rg, 275Rg, 276Rg, 277Rg, 278Rg, 279Rg, 280Rg, 281Rg, 282Rg, 283Rg
鎶（112Cn）, 276Cn, 277Cn, 278Cn, 279Cn, 280Cn, 281Cn, 282Cn, 283Cn, 283mCn, 284Cn, 285Cn, 285mCn
鉨（113Nh）, 278Nh, 279Nh, 280Nh, 281Nh, 282Nh, 283Nh, 284Nh, 285Nh, 286Nh, 287Nh
𫓧（114Fl）, 284Fl, 285Fl, 286Fl, 287Fl, 287mFl, 288Fl, 289Fl, 289mFl
镆（115Mc）, 287Mc, 288Mc, 289Mc, 290Mc, 291Mc
鉝（116Lv）, 289Lv, 290Lv, 291Lv, 292Lv, 293Lv
石田（117Ts）, 291Ts, 292Ts, 293Ts, 294Ts
气奥（118Og）, 291Og, 292Og, 293Og, 294Og, 295Og, 296Og, 297Og